all_hard_pass,duration_seconds,final_logical_model_present,final_physical_model_present,group_id,judge_missing_final_outputs,judge_rationale,logical_architecture_reasonableness,logical_physical_consistency,logical_simulation_meaningfulness,logical_xcom_compile_pass,missing_logical_model,missing_physical_model,physical_architecture_reasonableness,physical_simulation_meaningfulness,physical_xcom_compile_pass,req_usecase_syntax_pass,run_id,run_status,task_id
False,5370.938,True,False,multi_agent_current,True,"One or more required final model outputs were missing, so the sample was assigned the predefined score of 1.",1,1,1,True,False,True,1,1,False,True,full_20260804_002,model_failed,rflp_001
True,5125.985,True,True,multi_agent_current,False,"The logical model lacks reactive control logic, acting merely as a linear, hardcoded timeline script rather than a meaningful state machine. The physical model has a reasonable component decomposition but contains critical flaws: key variables (e.g., u_p_actual, u_v_actual, err_sig) are used in equations but never defined, and the PID controller lacks output equations, rendering the simulation physically meaningless and likely to fail. Consequently, the logical model's open-loop scripted behavior is inconsistent with the physical model's intended closed-loop control, and the physical model's incomplete equations break the refinement.",2,2,2,True,False,False,2,2,True,True,full_20260804_002,completed,rflp_002
False,7200.0,True,False,multi_agent_current,True,"One or more required final model outputs were missing, so the sample was assigned the predefined score of 1.",1,1,1,True,False,True,1,1,False,True,full_20260804_002,model_failed,rflp_003
False,1383.141,False,False,multi_agent_current,True,"One or more required final model outputs were missing, so the sample was assigned the predefined score of 1.",1,1,1,False,True,True,1,1,False,True,full_20260804_002,model_failed,rflp_004
True,5078.922,True,True,multi_agent_current,False,"The logical model features a clear subsystem decomposition (control, protection, feedback) and meaningful event sequencing for all required scenarios, though the central event broadcaster is slightly rigid. The physical model includes comprehensive components with realistic motor dynamics and sensor bandwidths; however, electrical parameters (R, L) are declared but unused in the motor equations. The physical simulation excellently employs continuous equations and smooth approximations for discontinuous limits, ensuring physical meaningfulness. Consistency is outstanding, with a faithful 1:1 mapping of subsystems, signals, and scenarios, where logical discrete events are accurately translated into physical continuous time-based signals.",4,5,4,True,False,False,4,5,True,True,full_20260804_002,completed,rflp_005
False,426.843,False,False,multi_agent_current,True,"One or more required final model outputs were missing, so the sample was assigned the predefined score of 1.",1,1,1,False,True,True,1,1,False,False,full_20260804_002,model_failed,rflp_006
True,5558.937,True,True,multi_agent_current,False,"Logical architecture is well-decomposed into control, disturbance, safety, and recording subsystems, but contains unreachable states (e.g., DeviationRecording in DosingRateControlSubsystem lacks incoming transitions). Physical architecture correctly models components (pump, valve, tank, sensors) with first-order dynamics and appropriate control blocks. Logical simulation effectively drives the required scenarios via a dedicated timeline source and state transitions. Physical simulation uses smooth-step functions to represent discrete events and continuous equations for physical dynamics, ensuring numerical stability and physical meaning. Logical-physical consistency is excellent, with direct mapping of logical subsystems to physical control blocks and perfectly aligned interfaces and simulation scenarios.",4,5,5,True,False,False,5,5,True,True,full_20260804_002,completed,rflp_007
True,5074.406,True,True,multi_agent_current,False,"Logical architecture defines clear subsystems and ports, but the control state machines are merely passive, copy-pasted timeline trackers rather than reactive control logic. Physical architecture excellently decomposes sensors, controllers, actuators, and plant dynamics with clear traceability. Logical simulation captures the required scenarios but relies on scripted timeouts instead of reactive, condition-based modes. Physical simulation uses meaningful continuous equations for aerodynamics, inertia, and PI control, despite slightly hacky continuous step approximations. Consistency is strong, with physical components faithfully mapping to logical subsystems and boundary conditions mirroring the logical scenario timeline.",3,4,3,True,False,False,4,4,True,True,full_20260804_002,completed,rflp_008
True,4500.797,True,True,multi_agent_current,False,"Logical architecture is well-decomposed but relies on artificial periodic polling (statehold) for condition checks and lacks fault priority in SafetyHoldManager. Physical architecture excellently maps components with appropriate continuous approximations for logical thresholds. Logical simulation reflects safety requirements but uses a rigid scripted timeline rather than reactive events. Physical simulation accurately models dynamics like actuator lag and platform inertia. Consistency is strong, though the physical model's robust fault aggregation (any_fault) highlights the logical model's missing priority handling for simultaneous faults.",4,4,4,True,False,False,5,5,True,True,full_20260804_002,completed,rflp_009
True,5744.25,True,True,multi_agent_current,False,"Logical architecture and simulation are flawed because the state machines across multiple subsystems (e.g., ControlCore, SensorInterface, ActuatorInterface) are identically copy-pasted rigid timelines rather than distinct, condition-based logic. Physical architecture and simulation are excellent, featuring accurate thermodynamic equations, first-order actuator/sensor dynamics, and meaningful physical variables. Logical-physical consistency is good, as physical components (e.g., embedded_ddc_controller, supervisory_controller) faithfully refine logical subsystems and map signals correctly, though the physical model's continuous dynamics naturally diverge from the logical model's artificial rigid state sequences.",3,4,3,True,False,False,5,5,True,True,full_20260804_002,completed,rflp_010
False,191.813,False,False,multi_agent_current,True,"One or more required final model outputs were missing, so the sample was assigned the predefined score of 1.",1,1,1,False,True,True,1,1,False,False,full_20260804_002,model_failed,rflp_011
False,652.078,False,False,multi_agent_current,True,"One or more required final model outputs were missing, so the sample was assigned the predefined score of 1.",1,1,1,False,True,True,1,1,False,False,full_20260804_002,model_failed,rflp_012
True,5383.078,True,True,multi_agent_current,False,"The logical architecture is flawed (3) because safety subsystems (e.g., OcclusionSafety) are triggered directly by scripted scenario events rather than evaluating sensor inputs, breaking the control loop. The logical simulation is poor (2) as it merely plays back a predefined sequence without simulating actual control decision-making or fault detection logic. The physical architecture (5) and simulation (5) are excellent, featuring well-defined continuous components, meaningful physical equations, and proper closed-loop sensor-based detection. Logical-physical consistency is flawed (3) because the physical model correctly implements closed-loop control and sensor evaluation, while the logical model relies on open-loop scripted events, creating a significant mismatch in how control objectives are realized.",3,3,2,True,False,False,5,5,True,True,full_20260804_002,completed,rflp_013
False,400.922,False,False,multi_agent_current,True,"One or more required final model outputs were missing, so the sample was assigned the predefined score of 1.",1,1,1,False,True,True,1,1,False,False,full_20260804_002,model_failed,rflp_014
True,3632.985,True,True,multi_agent_current,False,"The logical model features a reasonable subsystem decomposition and connections but relies on time-driven timeouts and hardcoded outputs rather than reactive control logic. The physical model is excellent, accurately representing hydrodynamic dynamics, actuator limits, and PID control with gain scheduling. However, logical simulation meaningfulness is poor as it merely acts as a timeline script without reflecting the actual control and safety requirements. Consequently, logical-physical consistency is low because the logical model fails to specify the control objectives, threshold logic, and monitored quantities that the physical model faithfully implements.",3,2,2,True,False,False,5,5,True,True,full_20260804_002,completed,rflp_015
True,4690.453,True,True,multi_agent_current,False,"Logical architecture and simulation are flawed because the state machines rely purely on time-based timeouts (statehold/timeout) rather than evaluating the required reactive conditions (e.g., obstacle distance < threshold, load > threshold), reducing the logic to a linear script. Physical architecture and simulation are excellent, featuring a valid continuous bicycle model for the plant, proper sensor/actuator boundaries, and physically meaningful equations for kinematics, geometric steering, and min-based speed arbitration. Consistency is acceptable but flawed: the physical model correctly implements the intended continuous control and condition-based limits in its controllers, but it omits several logical subsystems (e.g., LocalPathReplanning, SimulationSubsystem), and the logical model fails to express the conditional logic that the physical model successfully captures.",2,3,2,True,False,False,4,4,True,True,full_20260804_002,completed,rflp_016
True,6468.938,True,True,multi_agent_current,False,"The logical architecture is severely flawed, as identical state machines are copy-pasted across all subsystems (e.g., ForceTrackingControl contains a PositionControlApproach state), indicating poor decomposition. Logical simulation relies on a hardcoded timeline rather than organic mode transitions, rendering the state logic as empty formalism. Conversely, the physical architecture is strong, featuring appropriate hydraulic, mechanical, and control components with physically meaningful equations (e.g., fluid dynamics, unilateral contact stiffness). The physical simulation effectively uses continuous equations and smooth approximations for logic. However, logical-physical consistency is low because the logical model's dummy states fail to capture the actual control logic (e.g., PID, mode blending) implemented in the physical model.",2,2,2,True,False,False,4,4,True,True,full_20260804_002,completed,rflp_017
True,5166.641,True,True,multi_agent_current,False,"Logical architecture is flawed because control subsystems (PressureControl, SafetyProtection) use time-driven state transitions triggered by a central timeline source instead of reactive logic based on sensor inputs. Physical architecture is reasonable, featuring well-defined components (AirTank, Compressor, Valve, PLC, SIS) with correct connections. Logical simulation lacks meaningfulness as mode transitions are hardcoded timeline events rather than reactive responses to flow surges or high pressure. Physical simulation has strong physical meaning with proper mass balance equations, valve flow dynamics, and first-order sensor models. Consistency is poor because the physical model implements reactive control logic (PLC, SIS) while the logical model's control blocks merely follow a predefined scenario timeline without processing actual physical variables.",2,2,2,True,False,False,4,4,True,True,full_20260804_002,completed,rflp_018
False,1505.0,False,False,multi_agent_current,True,"One or more required final model outputs were missing, so the sample was assigned the predefined score of 1.",1,1,1,False,True,True,1,1,False,True,full_20260804_002,model_failed,rflp_019
False,769.734,False,False,multi_agent_current,True,"One or more required final model outputs were missing, so the sample was assigned the predefined score of 1.",1,1,1,False,True,True,1,1,False,True,full_20260804_002,model_failed,rflp_020
False,3133.766,False,False,multi_agent_current,True,"One or more required final model outputs were missing, so the sample was assigned the predefined score of 1.",1,1,1,False,True,True,1,1,False,True,full_20260804_002,model_failed,rflp_021
True,4821.734,True,True,multi_agent_current,False,"The logical model decomposes subsystems well but implements a rigid, time-based event timeline rather than reactive state logic for door duration and temperature rise. The physical model features a valid thermal plant and MCU, but the ambient temperature remains constant (missing the 'ambient temp rise' requirement), and the emergency override/memory modules use time-based step functions instead of physical derivatives/integrals. Both models are consistent with each other in their scripted approach, but both fail to capture the dynamic, condition-based requirements of the prompt.",2,3,2,True,False,False,3,2,True,True,full_20260804_002,completed,rflp_022
True,4459.797,True,True,multi_agent_current,False,"logical_architecture_reasonableness: Subsystems and ports are defined, but the state machines in functional blocks (e.g., LeakRiskEstimation, IsolationValveControl) are identical pass-throughs driven by a central timeline, lacking true subsystem-level logic decomposition. physical_architecture_reasonableness: Excellent physical decomposition with realistic components, including transient pipe dynamics, 4-20mA sensor lags, actuator dynamics, and clear signal traceability. logical_simulation_meaningfulness: The logical states merely echo a hardcoded scenario timeline rather than evaluating system conditions (e.g., pressure thresholds, timers), rendering the mode logic as empty formalism. physical_simulation_meaningfulness: Equations for pipe mass/momentum balance, orifice flow for leaks/relief, and the valve controller's continuous timer-based anomaly detection are physically sound and correctly implement the requirements. logical_physical_consistency: While component mapping and signal interfaces are consistent, the logical model's scripted pass-through behavior contradicts the physical model's reactive, condition-based control logic, leading to a disconnect in behavioral consistency.",3,3,2,True,False,False,5,5,True,True,full_20260804_002,completed,rflp_023
False,7200.015,False,False,multi_agent_current,True,"One or more required final model outputs were missing, so the sample was assigned the predefined score of 1.",1,1,1,False,True,True,1,1,False,True,full_20260804_002,model_failed,rflp_024
False,266.625,True,True,single_agent_sequential_oneshot,False,"The logical model lacks true state machines and sequence logic, relying on simplistic algebraic multiplication for the sequence controller and mode state machine, and generating events as constants. The physical model features meaningful first-order dynamics and cleverly enforces the door-gear sequence via feedback multiplication, but the wiring omits connections for 'pressure_command' and 'lock_confirmation_event'. Consequently, logical-physical consistency is poor, as the logical model fails to represent the sequence and state transitions implemented in the physical model, and signal mappings are incomplete.",2,2,2,False,False,False,3,4,False,True,full_20260804_002,completed,rflp_001
False,260.781,True,True,single_agent_sequential_oneshot,False,"The logical model provides clear subsystem decomposition (ScenarioGenerator, SensorLogic, ProtectionLogic, ControlLogic, ActuatorLogic) with well-defined ports and connections. The physical model correctly implements dual-tank dynamics with proper mass balance equations (der(level) = net_flow/area), discharge coefficients, and consistent component interfaces. Simulation scenarios cover target level step (step_time=10), outlet disturbance (constant 5.0), and sensor fault (fault_time=30) as required. The protection mode correctly activates on high level (>90) or sensor abnormality, setting pump to 0 and bypass to 1.0. The bypass valve logic (opens when error < -10) provides meaningful drainage control. Physical-to-logical traceability is maintained through consistent signal naming (actual_pump_speed, actual_bypass_valve, physical_level). Minor flaw: outlet_disturbance is constant rather than a step event, slightly reducing scenario richness. The inlet_valve_open acts as a master enable, which is a reasonable interpretation of 'upstream inlet valve status'.",4,4,4,False,False,False,4,4,False,True,full_20260804_002,completed,rflp_002
False,227.984,True,True,single_agent_sequential_oneshot,False,"The logical architecture is well-decomposed into monitoring, control, protection, and scenario subsystems with clear ports. The physical architecture accurately represents thermodynamic components with meaningful equations for heat transfer and thermal mass. However, the logical simulation is significantly flawed because `scenario_step` is hardcoded to 1 in the equation section, resulting in a static scenario that fails to simulate the required dynamic increases in power and ambient temperature over time. The physical simulation equations are physically sound and correctly capture the system dynamics. Logical-physical consistency is strong in terms of signal and interface mapping, though the static logical scenario limits the physical simulation's ability to demonstrate the required dynamic behaviors.",4,4,2,False,False,False,5,5,False,True,full_20260804_002,completed,rflp_003
False,289.953,True,True,single_agent_sequential_oneshot,False,"Logical model: Well-structured with clear subsystem decomposition (speed tracking, obstacle avoidance, safety mode, slip limiting, brake coordination). Safety mode (2x multiplier) and slip limit factor (0.5 reduction) appropriately implement priority increase and slip limitation. Regen ratio logic correctly shifts to mechanical braking under low adhesion. Physical model: Has appropriate components (vehicle/wheel/brake dynamics with first-order lag), but wheel dynamics equation is physically flawed—brake force is applied directly to wheel angular acceleration without modeling tire-road friction interaction, which is essential for realistic slip behavior. The slip formula uses (vehicle_speed + 1.0) denominator as a workaround. Consistency issues: road_adhesion in logical model has no corresponding physical effect (no friction coefficient affecting wheel dynamics); obstacle_distance derivative only considers vehicle_speed, ignoring potential obstacle motion; the logical model's discrete action block structure is somewhat awkward for continuous simulation integration.",4,3,4,False,False,False,3,3,False,False,full_20260804_002,completed,rflp_004
False,247.0,True,True,single_agent_sequential_oneshot,False,"The logical model provides a reasonable closed-loop architecture with appropriate scenario generation and control logic. However, the physical model critically omits the controller, resulting in an open-loop system where sensor outputs are unconnected. This breaks logical-physical consistency, as the physical model fails to map the logical controller to physical components and does not close the feedback loop required by the original control system requirement. Physical plant dynamics are meaningful, but the overall physical simulation lacks control meaning due to the missing controller.",4,2,4,False,False,False,2,3,False,True,full_20260804_002,completed,rflp_005
False,239.89,True,True,single_agent_sequential_oneshot,False,"The logical model effectively decomposes the system and implements the required bypass and sorting logic based on discrete events. However, the physical model is incomplete: it lacks physical controllers (preventing a closed-loop architecture) and omits a barcode recognition sensor, making it impossible to physically simulate the 'recognition_failed' event. Additionally, the mapping between physical sensor outputs (e.g., 'material_detected') and logical inputs (e.g., 'material_arrived') is not explicitly connected, resulting in poor logical-physical consistency.",4,2,4,False,False,False,2,3,False,True,full_20260804_002,completed,rflp_006
False,261.797,True,True,single_agent_sequential_oneshot,False,"The logical and physical models individually demonstrate good architecture and meaningful simulations. The logical model correctly implements the control logic and required events, while the physical model uses appropriate equations (mass balance, first-order dynamics) with correct response directions. However, logical-physical consistency is poor because the logical model's controller relies on a ScenarioGenerator to mock plant states (tank_level, main_pipeline_flow) instead of receiving actual feedback from the physical model, resulting in an open-loop simulation. Furthermore, the logical model forces the tank level to a fixed value during the low-level event, whereas the physical model's level drops dynamically based on the actual dosing flow, leading to inconsistent event scenarios.",4,2,4,False,False,False,4,4,False,True,full_20260804_002,completed,rflp_007
False,255.437,True,True,single_agent_sequential_oneshot,False,"Logical model decomposes into ScenarioGenerator, PitchController, and RotorSpeedEstimator with appropriate ports, but RotorSpeedEstimator is a static algebraic model (no states/dynamics) and PitchController uses oversimplified power_error = power_target - wind_speed*10. Physical model has meaningful continuous components (WindEnvironment, RotorDynamics with inertia, PitchServo with first-order lag) and correct response directions (pitch increase reduces speed/power). However, logical-physical consistency is poor: (1) PitchController has no physical counterpart—no controller component exists; (2) ScenarioGenerator's power_target and overspeed_event signals are absent from physical model; (3) Event scenarios mismatch—logical uses wind step at t=10, power change at t=20, overspeed at t=30-35, while physical uses gust at t=15-20; (4) RotorSpeedEstimator maps to RotorDynamics but the former is static while the latter is dynamic with different signal semantics.",3,2,3,False,False,False,3,4,False,True,full_20260804_002,completed,rflp_008
False,263.265,True,True,single_agent_sequential_oneshot,False,"The logical model is well-structured and explicitly covers all required events. The physical model correctly refines the architecture with meaningful plant dynamics, sensors, and disturbances. However, the physical simulation scenario has a timing flaw: the up command is only active for 2 seconds (1-3s), which is insufficient for the platform to reach the 9.0m upper limit threshold given the plant's acceleration and damping. Consequently, the upper limit approach event is never triggered in the physical simulation, leading to an inconsistency with the logical model where this event is explicitly forced.",5,4,5,False,False,False,5,4,False,True,full_20260804_002,completed,rflp_009
False,241.547,True,True,single_agent_sequential_oneshot,False,"Logical architecture has clear subsystem decomposition (ScenarioGenerator, WeightAdjuster, HVACController) with well-defined ports, but the WeightAdjuster logic is counterintuitive: when outdoor temp rises (temp_diff > threshold), it boosts energy_weight rather than comfort_weight, which would reduce cooling demand when comfort should be prioritized. Physical architecture includes appropriate components (RoomThermalModel, actuators, sensors) with proper first-order dynamics, but the HVACPlant equation (cooling_power = airflow * cooling_flow * efficiency) is physically questionable—cooling power should depend on airflow and temperature/enthalpy difference, not the product of airflow and valve flow. Simulation scenarios properly address all required events (target temp changes, occupancy changes, outdoor temp disturbances). Logical-physical mapping is traceable (fan_speed_cmd→FanActuator, cooling_valve_cmd→CoolingValveActuator), but the flawed weight logic propagates to affect physical behavior incorrectly.",3,3,4,False,False,False,3,3,False,True,full_20260804_002,completed,rflp_010
False,268.016,True,True,single_agent_sequential_oneshot,False,"Logical model: Well-structured with clear ports, states (safety_inhibit, is_open, is_closed, retry_count), and action logic covering open/close/retry/lock scenarios. Minor flaw: retry logic reopens door (motor_speed_command=1.0) for all safety inhibits including train speed, which is questionable behavior when train is moving. Physical model: Good second-order motor dynamics (mass, friction, gain) and first-order lock response with meaningful time constant. Obstacle detection correctly considers door position and closing velocity direction. Critical flaw: No physical constraints (door_min/door_max) are enforced on door_pos, allowing unrealistic positions beyond [0,1] range despite parameters being defined. Consistency: Signal mapping is correct (motor_speed_command→motor dynamics, door_position→feedback, obstacle_detected→feedback loop). Lock command properly drives lock_state. The retry scenario creates meaningful closed-loop behavior between models. Overall faithful refinement with the noted physical constraint gap.",4,4,4,False,False,False,3,4,False,True,full_20260804_002,completed,rflp_011
False,207.937,True,True,single_agent_sequential_oneshot,False,"The logical model correctly decomposes the tracking and safety modes, utilizing clear ports for solar angles, wind conditions, and feedback, with appropriate mode transitions based on wind thresholds. The physical model accurately represents the actuator dynamics using first-order lag equations with meaningful time constants and gains. The two models are perfectly consistent, forming a closed-loop system where logical commands drive physical states, and physical states provide feedback to the logical controller, fully satisfying the dual-axis tracking and safe-parking requirements.",5,5,5,False,False,False,5,5,False,True,full_20260804_002,completed,rflp_012
False,288.187,True,True,single_agent_sequential_oneshot,False,"Logical architecture has good subsystem decomposition, but the scenario generator lacks time/event guards, causing phase transitions every step. Physical architecture only models the open-loop plant, missing physical sensors, actuators, and the controller. Logical simulation is flawed because scenario phases advance every step, making the required events instantaneous. Physical simulation equations are sound, but the disturbance generator shares the instantaneous phase transition flaw and uses unrealistic values. Consistency is poor because the physical model fails to refine the logical model: the logical controller and monitor have no physical counterparts, and the logical model directly outputs physical states (pressure, volume) that the physical model calculates dynamically.",3,1,2,False,False,False,2,3,False,True,full_20260804_002,completed,rflp_013
False,282.86,True,True,single_agent_sequential_oneshot,False,"Logical architecture has clear subsystem decomposition (ScenarioEventGenerator, PowerStatusMonitor, PriorityAllocator, LoadSheddingController) with well-defined ports and transitions. Physical architecture properly models battery (SOC dynamics, internal/fault resistance), loads (critical/non-critical conductance), and disturbances with appropriate boundaries. Both models meaningfully represent the required scenarios (power request increase, voltage drop, load shedding). Physical simulation has excellent fidelity with proper equations (der(soc), bus_voltage with resistance drops, load current based on conductance). However, critical logical-physical consistency failure: the logical model's LoadSheddingController.load_shedding_mode output is never connected to the physical model's shed_command input. The physical model's observed_voltage/current/soc outputs are not fed back to the logical model's PowerStatusMonitor. This breaks the control loop—the logical controller cannot actually command physical load shedding, and the physical measurements cannot trigger logical control decisions.",4,2,4,False,False,False,4,5,False,False,full_20260804_002,completed,rflp_014
False,273.156,True,True,single_agent_sequential_oneshot,False,"Logical model has reasonable controller structure with PD+feedforward logic and gain scheduling, but ship_speed and wave_disturbance_est are generated internally rather than received as feedback inputs, creating architectural issues for a closed-loop system. Physical model correctly implements roll dynamics (inertia, damping, restoring), first-order actuator dynamics, and sinusoidal wave disturbance with physically meaningful parameters. Both models implement required events (wave enhancement 10-20s, speed drop 30-40s, actuator limit 50-60s). However, consistency issues exist: (1) ship_speed is independently generated in both models rather than passed from physical to logical; (2) wave_disturbance_est is internally modified in logical model instead of receiving wave_disturbance from physical model; (3) actuator_limit_event uses time-based triggering in logical model while physical model implements actual saturation limiting—these mechanisms are disconnected. The feedback signals (roll_angle, roll_rate) are implied but not explicitly connected between models.",3,3,4,False,False,False,4,4,False,True,full_20260804_002,completed,rflp_015
False,260.906,True,True,single_agent_sequential_oneshot,False,"Logical architecture is flawed: SafetyMonitor outputs (final_speed, replan_flag) are unconnected, and ScenarioGenerator ignores replan_flag, failing the replan requirement. Physical architecture lacks controller and actuator components, treating commands as mere boundary inputs. Logical simulation generates required events but lacks closed-loop replanning integration. Physical simulation is excellent, featuring continuous tanh transitions, mass-dependent inertia, and sensor lags. Consistency is poor due to discrete (logical) vs. continuous (physical) scenario timing, missing physical controller, and no explicit cross-model wiring or traceability.",2,2,3,False,False,False,3,5,False,True,full_20260804_002,completed,rflp_016
False,249.421,True,True,single_agent_sequential_oneshot,False,"The physical model is excellent, featuring accurate hydraulic compressibility and mass-spring-damper equations with correct response directions. However, the logical model suffers from critical port naming mismatches (e.g., ScenarioEventGenerator outputs 'pressing_command' while PositionController expects 'target_position'; ContactDetector outputs 'is_contacted' while ValveCommandSelector expects 'is_force_mode'). These flaws break internal logical connections, preventing the intended position-to-force mode switching and compromising the overall logical-physical consistency and simulation execution.",3,3,3,False,False,False,4,5,False,True,full_20260804_002,completed,rflp_017
False,279.781,True,True,single_agent_sequential_oneshot,False,"The physical architecture and simulation are excellent, featuring correct mass balance equations for the air tank and clear component definitions. Logical-physical consistency is strong, with perfect signal mapping and interface traceability. However, logical simulation meaningfulness is flawed: the control logic triggers a safety shutdown (stopping the compressor and opening the unload valve) when air consumption suddenly increases. This contradicts the physical goal of maintaining pressure, as it would cause a rapid pressure drop, demonstrating a misunderstanding of the control domain despite literally interpreting the prompt's text.",4,5,3,False,False,False,5,5,False,True,full_20260804_002,completed,rflp_018
False,239.515,True,True,single_agent_sequential_oneshot,False,"The logical model correctly decomposes the system and covers all required simulation scenarios, but the SoilMoistureSensor includes an unused 'soil_drying_disturbance' input. The physical model features highly meaningful continuous equations (e.g., flow dependent on tank level). Consistency is slightly flawed because the logical model expects a boolean 'low_tank_level', but the physical model only provides a continuous 'tank_level' without an explicit thresholding component to bridge the interface.",4,4,5,False,False,False,5,5,False,True,full_20260804_002,completed,rflp_019
False,279.89,True,True,single_agent_sequential_oneshot,False,"Logical model has reasonable subsystem decomposition (ScenarioGenerator, AirSupplyController, DynamicConditionManager) with appropriate ports and control logic addressing OER deficit and pressure overshoot. However, the logical coupling contains a critical error: 'scenario_gen.pressure_risk_event = dyn_mgr.stack_current_request' incorrectly connects a risk event flag to a current input, and dyn_mgr.stack_current_request is never properly connected. Physical model components (CompressorPlant with inertia/friction dynamics, CathodePlant with mass-balance pressure dynamics and OER calculation) have meaningful physical equations. However, logical-physical consistency is severely flawed: there is no closed-loop integration—compressor_voltage and bypass_valve_position from the logical controller are not connected to the physical plant inputs, and physical outputs (cathode_pressure, oxygen_excess_ratio, compressor_speed) are not fed back to the logical controller. The two models exist in isolation without proper interface mapping.",3,2,4,False,False,False,3,4,False,True,full_20260804_002,completed,rflp_020
False,233.562,True,True,single_agent_sequential_oneshot,False,"Logical architecture has reasonable decomposition, but the closed-loop feedback for `sway_angle` is incorrectly sourced from the `ScenarioGenerator` instead of being an external input. Physical architecture accurately models trolley and load dynamics with correct equations. Logical simulation implements the required events, but the controller reacting to a hardcoded `sway_angle` diminishes the validity of the anti-sway control. Physical simulation equations are physically sound. Consistency fails critically because the logical model defines `sway_angle` as an output rather than an input, preventing it from receiving the actual sway angle from the physical model to close the feedback loop.",3,2,4,False,False,False,5,5,False,True,full_20260804_002,completed,rflp_021
False,269.235,True,True,single_agent_sequential_oneshot,False,"Logical architecture is well-decomposed, but the state updates for `open_time` and `previous_temp` are written as continuous algebraic equations (`open_time = open_time + ...`, `previous_temp = current_temp`), which creates algebraic loops and forces `rise_rate` to always be zero, rendering the monitors non-functional in continuous simulation. Physical architecture has a clear component breakdown, but the `CabinetThermalPlant` equation is dimensionally inconsistent: it adds heat flows (W) directly to a temperature rate (K/s) without dividing the heat flows by `thermal_capacity`. Logical-physical consistency is acceptable as both models synchronize events via time, but the logical model's flawed continuous equations fail to correctly process the physical continuous signals.",3,3,2,False,False,False,3,3,False,True,full_20260804_002,completed,rflp_022
False,282.531,True,True,single_agent_sequential_oneshot,False,"The models correctly decompose the system into scenario generation, risk estimation, and control, with clear ports, states, and transitions. The physical plant uses meaningful mass-balance and valve dynamics. However, the logical model's conceptual plant hardcodes 'outlet_pressure = 10.0 - leak_disturbance' and 'flow_difference = flow_demand', which contradicts the physical model's 'P_out = P_in * V_pos' and 'flow_difference = flow_demand - leak_disturbance'. This creates a discrepancy in how the plant behaves logically versus physically, reducing overall consistency.",4,3,4,False,False,False,4,4,False,True,full_20260804_002,completed,rflp_023
False,292.266,True,True,single_agent_sequential_oneshot,False,"The logical model is well-decomposed with clear ports and effectively implements the required gait, contact, and flexion scenarios. The physical model correctly formulates torque balance and actuator equations. However, the physical architecture critically omits the controller and risk evaluators present in the logical model. This breaks the closed-loop structure, leaving the damping coefficient uncomputed in the physical domain and resulting in poor logical-physical consistency.",4,2,4,False,False,False,3,4,False,True,full_20260804_002,completed,rflp_024
